有哪些高质量的图片网站（社区）推荐？,47 个回答,发布于 2017-02-02,发布于 2011-04-29,2011-04-29 15:28:42 ,图片 图片搜索 网站推荐 图片网站 图片素材 
你知道淘宝上有哪些小而精的外贸店？,18 个回答,发布于 10:17,编辑于 2013-05-21,2013-02-03 22:04:24 ,淘宝网 购物 购物搜索 淘宝店铺 
如何搜索百度云盘里的资料？,28 个回答,编辑于 2017-01-06,发布于 2014-05-14,2014-05-14 20:57:28 ,搜索 云存储 数据挖掘 网盘 
SEO 如何入门？,98 个回答,发布于 16:54,发布于 2011-08-11,2011-08-10 22:22:18 ,搜索引擎优化（SEO） 
项目管理软件哪个好？,43 个回答,编辑于 2017-01-10,发布于 2013-08-28,2013-08-21 19:14:26 ,项目管理 明道 
怎么才能搜索到有效的种子或磁力链接？,24 个回答,编辑于 2017-01-30,发布于 2015-08-20,2015-04-19 08:44:33 ,搜索 下载 BT 下载（BitTorrent） 
你有什么在网上搜索东西的神搜索技巧？,67 个回答,发布于 2016-12-22,编辑于 2015-04-10,2014-04-01 13:19:01 ,调查类问题 生活常识 搜索技巧 电脑技巧 
搜索引擎有哪些常用技巧？,16 个回答,发布于 2017-01-16,编辑于 2012-04-06,2011-09-11 19:41:04 ,谷歌 (Google) 知识发现 搜索引擎 Google 搜索 
有哪些高质量的图片网站（社区）推荐？,47 个回答,发布于 2017-02-02,发布于 2011-04-29,2011-04-29 15:28:42 ,图片 图片搜索 网站推荐 图片网站 图片素材 
如何搜索百度云盘里的资料？,28 个回答,编辑于 2017-01-06,发布于 2014-05-14,2014-05-14 20:57:28 ,搜索 云存储 数据挖掘 网盘 
mpp架构是什么？它与各种sql on hadoop架构根本区别在那里，优点和缺点是什么？求专业人士赐教？,3 个回答,发布于 2016-08-30,发布于 2015-06-21,2015-01-14 18:37:20 ,SQL Hadoop 大数据 
怎么才能搜索到有效的种子或磁力链接？,24 个回答,编辑于 2017-01-30,发布于 2015-08-20,2015-04-19 08:44:33 ,搜索 下载 BT 下载（BitTorrent） 
