百度和 Google 的搜索技术是一个量级吗？,573 个回答,发布于 14:08,发布于 2014-01-05,2014-06-21 10:04:09 ,百度 谷歌 (Google) 搜索技术 搜索引擎 
为什么老师说「百度搜索不是什么正经的东西」？,1094 个回答,编辑于 2017-01-14,编辑于 2017-01-19,2015-07-23 17:08:58 ,互联网 百度 搜索 搜索引擎 
为什么同样是搜索引擎的巨头，百度的市值仅 667 亿美元，而谷歌市值为 5147 亿美元？,887 个回答,编辑于 2017-01-14,发布于 2015-11-06,2015-11-06 20:15:11 ,互联网 百度 谷歌 (Google) 搜索引擎 
有哪些特殊的搜索引擎？,274 个回答,发布于 17:09,发布于 2012-05-22,2012-05-22 17:47:09 ,互联网 生活 图片搜索 信息检索 搜索引擎 
为什么同样是搜索引擎的巨头，百度的市值仅 667 亿美元，而谷歌市值为 5147 亿美元？,887 个回答,编辑于 2017-01-14,发布于 2015-11-06,2015-11-06 20:15:11 ,互联网 百度 谷歌 (Google) 搜索引擎 
为什么老师说「百度搜索不是什么正经的东西」？,1094 个回答,编辑于 2017-01-14,编辑于 2017-01-19,2015-07-23 17:08:58 ,互联网 百度 搜索 搜索引擎 
有哪些特殊的搜索引擎？,274 个回答,发布于 17:09,发布于 2012-05-22,2012-05-22 17:47:09 ,互联网 生活 图片搜索 信息检索 搜索引擎 
Google 为何退出中国大陆市场？,326 个回答,发布于 2017-01-31,编辑于 2011-08-01,2011-08-01 12:05:57 ,互联网 产品运营 谷歌 (Google) 搜索引擎 谷歌退出中国 
为什么百度受很多国内用户鄙视而谷歌却没有？,282 个回答,发布于 2016-11-29,编辑于 2012-08-29,2013-07-15 15:09:27 ,腾讯 搜索 信息技术（IT） 谷歌 (Google) 互联网行业 
为什么知乎的搜索功能如此之烂？,135 个回答,发布于 2016-09-22,发布于 2015-08-14,2014-11-14 18:49:06 ,知乎 知乎搜索 搜索引擎 
百度和 Google 的搜索技术是一个量级吗？,573 个回答,发布于 14:08,发布于 2014-01-05,2014-06-21 10:04:09 ,百度 谷歌 (Google) 搜索技术 搜索引擎 
如何提高情报收集能力？,60 个回答,发布于 2016-11-08,发布于 2014-04-08,2014-04-09 18:32:18 ,搜索引擎 资料搜集 情报学 情报搜集 
如何评价李彦宏「百度的成功和谷歌退出没有必然联系」的言论？,292 个回答,发布于 2016-10-29,发布于 2016-02-14,2016-02-14 14:40:11 ,百度 谷歌中国 谷歌 (Google) 搜索引擎 
如何高效地使用搜索引擎？,76 个回答,发布于 2016-11-24,编辑于 2015-07-10,2015-02-06 00:31:44 ,搜索引擎 
如何利用搜索引擎找到值得信赖的医疗机构？,166 个回答,发布于 2016-11-01,发布于 2016-05-02,2016-05-02 10:51:15 ,搜索 医疗 医院 魏则西事件 
你有什么在网上搜索东西的神搜索技巧？,67 个回答,发布于 2016-12-22,编辑于 2015-04-10,2014-04-01 13:19:01 ,调查类问题 生活常识 搜索技巧 电脑技巧 
如何高效地使用搜索引擎？,76 个回答,发布于 2016-11-24,编辑于 2015-07-10,2015-02-06 00:31:44 ,搜索引擎 
Google 为何退出中国大陆市场？,326 个回答,发布于 2017-01-31,编辑于 2011-08-01,2011-08-01 12:05:57 ,互联网 产品运营 谷歌 (Google) 搜索引擎 谷歌退出中国 
如何提高情报收集能力？,60 个回答,发布于 2016-11-08,发布于 2014-04-08,2014-04-09 18:32:18 ,搜索引擎 资料搜集 情报学 情报搜集 
Google 搜索比百度搜索好在哪些地方？,179 个回答,发布于 2017-01-31,发布于 2012-03-25,2012-03-25 21:17:06 ,谷歌 (Google) 百度搜索 信息检索 搜索算法 搜索引擎 
设计师找图片素材，有哪些较好的网站可推荐？,95 个回答,编辑于 2017-01-22,发布于 2011-05-18,2011-05-18 09:53:04 ,设计师 图片搜索 图片素材 
国内有哪些可使用的搜索引擎可替代谷歌？,136 个回答,发布于 2017-01-26,发布于 2014-06-11,2014-06-10 17:10:56 ,互联网 搜索 信息技术（IT） 谷歌 (Google) 搜索引擎 
有哪些判定某地区实际消费能力的神奇办法？,267 个回答,编辑于 昨天 20:46,发布于 2016-05-19,2016-05-19 17:21:21 ,商业 咨询行业 地区 信息获取 情报搜集 
Google 搜索比百度搜索好在哪些地方？,179 个回答,发布于 2017-01-31,发布于 2012-03-25,2012-03-25 21:17:06 ,谷歌 (Google) 百度搜索 信息检索 搜索算法 搜索引擎 
有哪些判定某地区实际消费能力的神奇办法？,267 个回答,编辑于 昨天 20:46,发布于 2016-05-19,2016-05-19 17:21:21 ,商业 咨询行业 地区 信息获取 情报搜集 
乔布斯说「除了搜索引擎，谷歌的产品，包括安卓和 Google Docs，都是狗屎」，这句话有道理么？,75 个回答,发布于 2016-09-30,发布于 2014-04-28,2014-04-28 01:05:16 ,史蒂夫·乔布斯（Steve Jobs） 产品 谷歌 (Google) 搜索引擎 
如何自学 SEO？,238 个回答,编辑于 2017-01-25,发布于 2011-05-31,2011-05-31 13:54:06 ,搜索引擎优化（SEO） 百度 SEO 谷歌 SEO 
为什么我觉得百度更加准确好用？,167 个回答,发布于 2016-07-29,发布于 2014-12-16,2014-12-16 03:53:34 ,百度 搜索引擎 
不用百度，大陆有什么优秀的搜索引擎值得推荐？,128 个回答,发布于 2017-01-17,编辑于 2016-05-02,2015-04-24 20:44:47 ,互联网 网站推荐 ask.com DuckDuckGo 搜索引擎 
为什么我觉得百度更加准确好用？,167 个回答,发布于 2016-07-29,发布于 2014-12-16,2014-12-16 03:53:34 ,百度 搜索引擎 
如何利用搜索引擎找到值得信赖的医疗机构？,166 个回答,发布于 2016-11-01,发布于 2016-05-02,2016-05-02 10:51:15 ,搜索 医疗 医院 魏则西事件 
如何评价李彦宏「百度的成功和谷歌退出没有必然联系」的言论？,292 个回答,发布于 2016-10-29,发布于 2016-02-14,2016-02-14 14:40:11 ,百度 谷歌中国 谷歌 (Google) 搜索引擎 
百度有哪些关键词能够搜索出令人意想不到的内容？,412 个回答,发布于 17:15,发布于 2016-12-17,2016-12-14 11:07:07 ,百度 搜索 冷知识 百度搜索 脑洞 
抗战八年中，是否有日本间谍成功混入中共内部（包括延安和敌后根据地）？,21 个回答,发布于 2016-12-03,发布于 2014-09-08,2014-09-08 10:12:03 ,历史 抗日战争 间谍 情报学 
为什么知乎的搜索功能如此之烂？,135 个回答,发布于 2016-09-22,发布于 2015-08-14,2014-11-14 18:49:06 ,知乎 知乎搜索 搜索引擎 
Google 真的在美国帮希拉里屏蔽不利信息吗？,168 个回答,发布于 2016-09-28,发布于 2016-07-24,2016-07-24 05:18:30 ,互联网 谷歌 (Google) 搜索屏蔽 希拉里·克林顿（Hillary Clinton） 美国大选 
如何评价季逸超、Peak Labs 和 Magi 搜索引擎？,25 个回答,发布于 2016-10-09,编辑于 2015-03-20,2015-03-09 14:08:04 ,自然语言处理 搜索引擎 
为什么百度受很多国内用户鄙视而谷歌却没有？,282 个回答,发布于 2016-11-29,编辑于 2012-08-29,2013-07-15 15:09:27 ,腾讯 搜索 信息技术（IT） 谷歌 (Google) 互联网行业 
国内有哪些可使用的搜索引擎可替代谷歌？,136 个回答,发布于 2017-01-26,发布于 2014-06-11,2014-06-10 17:10:56 ,互联网 搜索 信息技术（IT） 谷歌 (Google) 搜索引擎 
如何看待中国搜索的上线？,196 个回答,发布于 2016-12-28,发布于 2014-11-10,2014-03-01 23:23:07 ,搜索引擎 中国搜索 
搜索引擎是怎样处理色情需求的？,9 个回答,发布于 2015-09-25,发布于 2012-05-03,2012-05-03 14:05:02 ,产品运营 搜索 色情 搜索引擎 互联网色情 
如何看待「合肥房价暴跌」成为最新热搜词汇？,89 个回答,发布于 15:08,发布于 2017-02-01,2017-01-30 18:08:17 ,社交网络 搜索 房价 搜索引擎 合肥 
如何通过与业内人士短时间的交谈尽可能深入了解一个行业/企业？,50 个回答,发布于 2017-01-03,发布于 2013-01-17,2013-01-17 15:34:33 ,风险投资（VC） 访谈 采访 情报学 
Google 真的在美国帮希拉里屏蔽不利信息吗？,168 个回答,发布于 2016-09-28,发布于 2016-07-24,2016-07-24 05:18:30 ,互联网 谷歌 (Google) 搜索屏蔽 希拉里·克林顿（Hillary Clinton） 美国大选 
可否完全由代码表示一张手机拍摄的照片？,26 个回答,发布于 2017-02-01,编辑于 2016-10-18,2016-10-18 13:54:32 ,图片存储 计算机技术 图片搜索 电脑基础 数据存储技术 
不用百度，大陆有什么优秀的搜索引擎值得推荐？,128 个回答,发布于 2017-01-17,编辑于 2016-05-02,2015-04-24 20:44:47 ,互联网 网站推荐 ask.com DuckDuckGo 搜索引擎 
如何搜索百度云盘里的资料？,28 个回答,编辑于 2017-01-06,发布于 2014-05-14,2014-05-14 20:57:28 ,搜索 云存储 数据挖掘 网盘 
你知道淘宝上有哪些小而精的外贸店？,18 个回答,发布于 10:17,编辑于 2013-05-21,2013-02-03 22:04:24 ,淘宝网 购物 购物搜索 淘宝店铺 
小团队协作，有哪些值得推荐的 Web 应用和工具软件？有什么好的做法可以作为最佳实践？,100 个回答,编辑于 2017-01-26,编辑于 2013-06-01,2012-04-11 11:19:52 ,敏捷开发 协同办公 明道 Teambition Worktile 
搜索引擎有哪些常用技巧？,16 个回答,发布于 2017-01-16,编辑于 2012-04-06,2011-09-11 19:41:04 ,谷歌 (Google) 知识发现 搜索引擎 Google 搜索 
之前用百度搜索 GitHub 项中的「路」字是怎么回事？,6 个回答,发布于 2014-03-30,编辑于 2014-02-12,2014-02-12 13:33:23 ,百度 Unicode GitHub 搜索引擎 
你有什么在网上搜索东西的神搜索技巧？,67 个回答,发布于 2016-12-22,编辑于 2015-04-10,2014-04-01 13:19:01 ,调查类问题 生活常识 搜索技巧 电脑技巧 
腾讯搜搜（SOSO）为什么失败？,69 个回答,发布于 2016-10-22,发布于 2013-09-22,2013-09-22 00:42:39 ,互联网 搜搜（SOSO） 搜索引擎 
如何评价季逸超、Peak Labs 和 Magi 搜索引擎？,25 个回答,发布于 2016-10-09,编辑于 2015-03-20,2015-03-09 14:08:04 ,自然语言处理 搜索引擎 
腾讯搜搜（SOSO）为什么失败？,69 个回答,发布于 2016-10-22,发布于 2013-09-22,2013-09-22 00:42:39 ,互联网 搜搜（SOSO） 搜索引擎 
为什么百度网盘这么大的平台却不能搜索资源？？？,17 个回答,发布于 2016-12-08,编辑于 2014-01-24,2014-01-24 13:50:52 ,百度 搜索 下载 网盘 搜索引擎 
既然大家都觉得百度不好，为什么没有人去尝试改进，做出更好的搜索引擎来投放市场？,69 个回答,发布于 2016-09-27,发布于 2016-09-21,2016-09-21 11:56:09 ,百度 搜索引擎 
如何提高网站流量、排名？,51 个回答,发布于 2017-01-20,发布于 2011-08-12,2011-08-12 16:45:29 ,搜索引擎优化（SEO） 
有哪些高质量的图片网站（社区）推荐？,47 个回答,发布于 2017-02-02,发布于 2011-04-29,2011-04-29 15:28:42 ,图片 图片搜索 网站推荐 图片网站 图片素材 
